{
  "vocabulary_coverage": {
    "total_words": 6855,
    "covered_words": 5267,
    "coverage_ratio": 0.7683442742523705,
    "vocabulary_size": 1339
  },
  "similarity_examples": {
    "software": [
      [
        "needs",
        0.5885987877845764
      ],
      [
        "group",
        0.5706339478492737
      ],
      [
        "continuously",
        0.5696666240692139
      ],
      [
        "company",
        0.5648529529571533
      ],
      [
        "analyzing",
        0.555481493473053
      ]
    ],
    "programming": [
      [
        "oop",
        0.6283733248710632
      ],
      [
        "languages",
        0.6117799282073975
      ],
      [
        "contain",
        0.6086457967758179
      ],
      [
        "concept",
        0.5622709393501282
      ],
      [
        "closely",
        0.5575854778289795
      ]
    ],
    "algorithm": [
      [
        "polynomial",
        0.7233729362487793
      ],
      [
        "optimal",
        0.6031888723373413
      ],
      [
        "sorting",
        0.6012129783630371
      ],
      [
        "matrix",
        0.5828444957733154
      ],
      [
        "needed",
        0.5688068270683289
      ]
    ],
    "code": [
      [
        "generated",
        0.5311804413795471
      ],
      [
        "automatically",
        0.5195883512496948
      ],
      [
        "calling",
        0.5109928846359253
      ],
      [
        "metaprogramming",
        0.49994102120399475
      ],
      [
        "verilog",
        0.4942428767681122
      ]
    ],
    "function": [
      [
        "foo",
        0.7548946738243103
      ],
      [
        "arguments",
        0.7282881140708923
      ],
      [
        "myjsfunc",
        0.6987949013710022
      ],
      [
        "undefined",
        0.6981034278869629
      ],
      [
        "call",
        0.6822465658187866
      ]
    ],
    "data": [
      [
        "linked",
        0.544855535030365
      ],
      [
        "pipelines",
        0.5326718688011169
      ],
      [
        "structure",
        0.5199294090270996
      ],
      [
        "semi",
        0.5132054090499878
      ],
      [
        "insight",
        0.5124754309654236
      ]
    ],
    "system": [
      [
        "permission",
        0.542285680770874
      ],
      [
        "concurrent",
        0.5298720002174377
      ],
      [
        "token",
        0.5170660614967346
      ],
      [
        "component",
        0.4932979345321655
      ],
      [
        "chemical",
        0.4923608899116516
      ]
    ]
  },
  "se_term_similarities": {
    "programming_languages": {
      "python": [
        [
          "bert",
          0.6036961674690247
        ],
        [
          "ner",
          0.5928478837013245
        ],
        [
          "pipeline",
          0.5865669250488281
        ]
      ],
      "java": [
        [
          "jvm",
          0.7106078267097473
        ],
        [
          "jsp",
          0.6451564431190491
        ],
        [
          "jdk",
          0.639232337474823
        ]
      ],
      "javascript": [
        [
          "myjsfunc",
          0.7265806198120117
        ],
        [
          "chrome",
          0.6999284029006958
        ],
        [
          "debugger",
          0.6587346792221069
        ]
      ],
      "cpp": [
        [
          "clojure",
          0.932792603969574
        ],
        [
          "gesture",
          0.8818135857582092
        ],
        [
          "recognition",
          0.8792049288749695
        ]
      ]
    },
    "concepts": {
      "algorithm": [
        [
          "polynomial",
          0.7233729362487793
        ],
        [
          "optimal",
          0.6031888723373413
        ],
        [
          "sorting",
          0.6012129783630371
        ]
      ],
      "function": [
        [
          "foo",
          0.7548946738243103
        ],
        [
          "arguments",
          0.7282881140708923
        ],
        [
          "myjsfunc",
          0.6987949013710022
        ]
      ],
      "class": [
        [
          "super",
          0.7213793992996216
        ],
        [
          "base",
          0.6947516202926636
        ],
        [
          "inheritance",
          0.6638559699058533
        ]
      ],
      "method": [
        [
          "dto",
          0.5284824371337891
        ],
        [
          "custom",
          0.5223156213760376
        ],
        [
          "alternative",
          0.5176335573196411
        ]
      ]
    },
    "tools": {
      "git": [
        [
          "jujutsu",
          0.7097959518432617
        ],
        [
          "shell",
          0.6669217944145203
        ],
        [
          "pip",
          0.6402410268783569
        ]
      ],
      "docker": [
        [
          "elixir",
          0.7403866052627563
        ],
        [
          "backup",
          0.6956376433372498
        ],
        [
          "port",
          0.693248450756073
        ]
      ],
      "database": [
        [
          "schema",
          0.6232807636260986
        ],
        [
          "dbms",
          0.6020327210426331
        ],
        [
          "relational",
          0.588797390460968
        ]
      ],
      "framework": [
        [
          "workflow",
          0.4913291931152344
        ],
        [
          "decision",
          0.4872047007083893
        ],
        [
          "fair",
          0.47820955514907837
        ]
      ]
    }
  },
  "classification": {
    "train_accuracy": 0.9330024813895782,
    "test_accuracy": 0.8390804597701149,
    "num_classes": 5,
    "train_samples": 403,
    "test_samples": 87
  }
}